{
  "copd": 0.211807181490399,
  "diabetes": 0.133622721696892,
  "ischemic": 0.145768494352016,
  "lungcancer": 0.150586535898081,
  "lri": 0.130921877227553,
  "stroke": 0.174475849039067,
  "nd": 0.0718777176537465
}