{
    "copd": 0.2118071815,
    "diabetes": 0.1336227217,
    "ischemic": 0.1457684944,
    "lungcancer": 0.1505865359,
    "lri": 0.1309218772,
    "stroke": 0.174475849,
    "nd": 0.07187771765
  }