{
    "copd": 0.25403873980854347,
    "diabetes": 0.18891831778418244,
    "ischemic": 0.19944217264430647,
    "lungcancer": 0.22630049876695915,
    "lri": 0.1987798182625026,
    "stroke": 0.2474256539837388,
    "nd": 0.09685974699894025
}